project,type,commit,variant,spec,location,inspected,in_library
Octopus,eMOP-FineMOP,11c857e7eb359fcabd6ce7e0a02cd7ad773b0d9c,HyRTS-S_ps1c,SortedSet_Comparable,org.apache.poi.xssf.usermodel.helpers.ColumnHelper.addCleanColIntoCols(ColumnHelper.java:86).,TRUE +VE,true
Octopus,eMOP-FineMOP,11c857e7eb359fcabd6ce7e0a02cd7ad773b0d9c,HyRTS-S_ps1c,TreeSet_Comparable,org.apache.poi.xssf.usermodel.helpers.ColumnHelper.addCleanColIntoCols(ColumnHelper.java:86).,TRUE +VE,true
Octopus,eMOP-FineMOP,11c857e7eb359fcabd6ce7e0a02cd7ad773b0d9c,METHODS-S_ps1c,SortedSet_Comparable,org.apache.poi.xssf.usermodel.helpers.ColumnHelper.addCleanColIntoCols(ColumnHelper.java:86).,TRUE +VE,true
Octopus,eMOP-FineMOP,11c857e7eb359fcabd6ce7e0a02cd7ad773b0d9c,METHODS-S_ps1c,TreeSet_Comparable,org.apache.poi.xssf.usermodel.helpers.ColumnHelper.addCleanColIntoCols(ColumnHelper.java:86).,TRUE +VE,true
Octopus,eMOP-FineMOP,11c857e7eb359fcabd6ce7e0a02cd7ad773b0d9c,METHODS-F_ps1c,SortedSet_Comparable,org.apache.poi.xssf.usermodel.helpers.ColumnHelper.addCleanColIntoCols(ColumnHelper.java:86).,TRUE +VE,true
Octopus,eMOP-FineMOP,11c857e7eb359fcabd6ce7e0a02cd7ad773b0d9c,METHODS-F_ps1c,TreeSet_Comparable,org.apache.poi.xssf.usermodel.helpers.ColumnHelper.addCleanColIntoCols(ColumnHelper.java:86).,TRUE +VE,true
Octopus,eMOP-FineMOP,11c857e7eb359fcabd6ce7e0a02cd7ad773b0d9c,METHODS-FA_ps1c,SortedSet_Comparable,org.apache.poi.xssf.usermodel.helpers.ColumnHelper.addCleanColIntoCols(ColumnHelper.java:86).,TRUE +VE,true
Octopus,eMOP-FineMOP,11c857e7eb359fcabd6ce7e0a02cd7ad773b0d9c,METHODS-FA_ps1c,TreeSet_Comparable,org.apache.poi.xssf.usermodel.helpers.ColumnHelper.addCleanColIntoCols(ColumnHelper.java:86).,TRUE +VE,true
Octopus,eMOP-FineMOP,6bcf7fcc3a382df20e75cc8de26a173fe6638ffa,HyRTS-S_ps1c,Iterator_HasNext,cn.chenhuanming.octopus.core.AbstractSheetWriter.write(AbstractSheetWriter.java:42).,FALSE +VE,false
Octopus,eMOP-FineMOP,6bcf7fcc3a382df20e75cc8de26a173fe6638ffa,METHODS-S_ps1c,Iterator_HasNext,cn.chenhuanming.octopus.core.AbstractSheetWriter.write(AbstractSheetWriter.java:42).,FALSE +VE,false
Octopus,eMOP-FineMOP,6bcf7fcc3a382df20e75cc8de26a173fe6638ffa,METHODS-F_ps1c,Iterator_HasNext,cn.chenhuanming.octopus.core.AbstractSheetWriter.write(AbstractSheetWriter.java:42).,FALSE +VE,false
Octopus,eMOP-FineMOP,6bcf7fcc3a382df20e75cc8de26a173fe6638ffa,METHODS-FA_ps1c,Iterator_HasNext,cn.chenhuanming.octopus.core.AbstractSheetWriter.write(AbstractSheetWriter.java:42).,FALSE +VE,false
Octopus,eMOP-FineMOP,6bcf7fcc3a382df20e75cc8de26a173fe6638ffa,HyRTS-S_ps3cl,Iterator_HasNext,cn.chenhuanming.octopus.core.AbstractSheetWriter.write(AbstractSheetWriter.java:42).,FALSE +VE,false
Octopus,eMOP-FineMOP,6bcf7fcc3a382df20e75cc8de26a173fe6638ffa,METHODS-S_ps3cl,Iterator_HasNext,cn.chenhuanming.octopus.core.AbstractSheetWriter.write(AbstractSheetWriter.java:42).,FALSE +VE,false
Octopus,eMOP-FineMOP,6bcf7fcc3a382df20e75cc8de26a173fe6638ffa,METHODS-F_ps3cl,Iterator_HasNext,cn.chenhuanming.octopus.core.AbstractSheetWriter.write(AbstractSheetWriter.java:42).,FALSE +VE,false
Octopus,eMOP-FineMOP,6bcf7fcc3a382df20e75cc8de26a173fe6638ffa,METHODS-FA_ps3cl,Iterator_HasNext,cn.chenhuanming.octopus.core.AbstractSheetWriter.write(AbstractSheetWriter.java:42).,FALSE +VE,false
Octopus,eMOP-FineMOP,cd68eb8dca18760d77d010569aab938c766e19c2,HyRTS-S_ps1c,Iterator_HasNext,cn.chenhuanming.octopus.writer.AbstractSheetWriter.write(AbstractSheetWriter.java:45).,FALSE +VE,false
Octopus,eMOP-FineMOP,cd68eb8dca18760d77d010569aab938c766e19c2,METHODS-S_ps1c,Iterator_HasNext,cn.chenhuanming.octopus.writer.AbstractSheetWriter.write(AbstractSheetWriter.java:45).,FALSE +VE,false
Octopus,eMOP-FineMOP,cd68eb8dca18760d77d010569aab938c766e19c2,METHODS-F_ps1c,Iterator_HasNext,cn.chenhuanming.octopus.writer.AbstractSheetWriter.write(AbstractSheetWriter.java:45).,FALSE +VE,false
Octopus,eMOP-FineMOP,cd68eb8dca18760d77d010569aab938c766e19c2,METHODS-FA_ps1c,Iterator_HasNext,cn.chenhuanming.octopus.writer.AbstractSheetWriter.write(AbstractSheetWriter.java:45).,FALSE +VE,false
Octopus,eMOP-FineMOP,cd68eb8dca18760d77d010569aab938c766e19c2,HyRTS-S_ps3cl,Iterator_HasNext,cn.chenhuanming.octopus.writer.AbstractSheetWriter.write(AbstractSheetWriter.java:45).,FALSE +VE,false
Octopus,eMOP-FineMOP,cd68eb8dca18760d77d010569aab938c766e19c2,METHODS-S_ps3cl,Iterator_HasNext,cn.chenhuanming.octopus.writer.AbstractSheetWriter.write(AbstractSheetWriter.java:45).,FALSE +VE,false
Octopus,eMOP-FineMOP,cd68eb8dca18760d77d010569aab938c766e19c2,METHODS-F_ps3cl,Iterator_HasNext,cn.chenhuanming.octopus.writer.AbstractSheetWriter.write(AbstractSheetWriter.java:45).,FALSE +VE,false
Octopus,eMOP-FineMOP,cd68eb8dca18760d77d010569aab938c766e19c2,METHODS-FA_ps3cl,Iterator_HasNext,cn.chenhuanming.octopus.writer.AbstractSheetWriter.write(AbstractSheetWriter.java:45).,FALSE +VE,false
Octopus,eMOP-FineMOP,f8d9f00c7bb21541d0986666be4b74d47a85f9f6,HyRTS-S_ps1c,Iterator_HasNext,cn.chenhuanming.octopus.writer.AbstractSheetWriter.write(AbstractSheetWriter.java:40).,FALSE +VE,false
Octopus,eMOP-FineMOP,f8d9f00c7bb21541d0986666be4b74d47a85f9f6,METHODS-S_ps1c,Iterator_HasNext,cn.chenhuanming.octopus.writer.AbstractSheetWriter.write(AbstractSheetWriter.java:40).,FALSE +VE,false
Octopus,eMOP-FineMOP,f8d9f00c7bb21541d0986666be4b74d47a85f9f6,METHODS-F_ps1c,Iterator_HasNext,cn.chenhuanming.octopus.writer.AbstractSheetWriter.write(AbstractSheetWriter.java:40).,FALSE +VE,false
Octopus,eMOP-FineMOP,f8d9f00c7bb21541d0986666be4b74d47a85f9f6,METHODS-FA_ps1c,Iterator_HasNext,cn.chenhuanming.octopus.writer.AbstractSheetWriter.write(AbstractSheetWriter.java:40).,FALSE +VE,false
Octopus,eMOP-FineMOP,f8d9f00c7bb21541d0986666be4b74d47a85f9f6,HyRTS-S_ps3cl,Iterator_HasNext,cn.chenhuanming.octopus.writer.AbstractSheetWriter.write(AbstractSheetWriter.java:40).,FALSE +VE,false
Octopus,eMOP-FineMOP,f8d9f00c7bb21541d0986666be4b74d47a85f9f6,METHODS-S_ps3cl,Iterator_HasNext,cn.chenhuanming.octopus.writer.AbstractSheetWriter.write(AbstractSheetWriter.java:40).,FALSE +VE,false
Octopus,eMOP-FineMOP,f8d9f00c7bb21541d0986666be4b74d47a85f9f6,METHODS-F_ps3cl,Iterator_HasNext,cn.chenhuanming.octopus.writer.AbstractSheetWriter.write(AbstractSheetWriter.java:40).,FALSE +VE,false
Octopus,eMOP-FineMOP,f8d9f00c7bb21541d0986666be4b74d47a85f9f6,METHODS-FA_ps3cl,Iterator_HasNext,cn.chenhuanming.octopus.writer.AbstractSheetWriter.write(AbstractSheetWriter.java:40).,FALSE +VE,false
gozer,eMOP-FineMOP,a8087ee62b4a0364f5947b0bf0c0afc8643229a6,FINE_ps1c,ListIterator_hasNextPrevious,com.walmartlabs.x12.common.segment.parser.N1PartyIdentificationParser.handleN1Loop(N1PartyIdentificationParser.java:70).,FALSE +VE,false
gozer,eMOP-FineMOP,a8087ee62b4a0364f5947b0bf0c0afc8643229a6,HyRTS_ps1c,ListIterator_hasNextPrevious,com.walmartlabs.x12.common.segment.parser.N1PartyIdentificationParser.handleN1Loop(N1PartyIdentificationParser.java:70).,FALSE +VE,false
gozer,eMOP-FineMOP,a8087ee62b4a0364f5947b0bf0c0afc8643229a6,HyRTS-S_ps1c,ListIterator_hasNextPrevious,com.walmartlabs.x12.common.segment.parser.N1PartyIdentificationParser.handleN1Loop(N1PartyIdentificationParser.java:70).,FALSE +VE,false
gozer,eMOP-FineMOP,a8087ee62b4a0364f5947b0bf0c0afc8643229a6,METHODS_ps1c,ListIterator_hasNextPrevious,com.walmartlabs.x12.common.segment.parser.N1PartyIdentificationParser.handleN1Loop(N1PartyIdentificationParser.java:70).,FALSE +VE,false
gozer,eMOP-FineMOP,a8087ee62b4a0364f5947b0bf0c0afc8643229a6,METHODS-S_ps1c,ListIterator_hasNextPrevious,com.walmartlabs.x12.common.segment.parser.N1PartyIdentificationParser.handleN1Loop(N1PartyIdentificationParser.java:70).,FALSE +VE,false
gozer,eMOP-FineMOP,a8087ee62b4a0364f5947b0bf0c0afc8643229a6,METHODS-F_ps1c,ListIterator_hasNextPrevious,com.walmartlabs.x12.common.segment.parser.N1PartyIdentificationParser.handleN1Loop(N1PartyIdentificationParser.java:70).,FALSE +VE,false
gozer,eMOP-FineMOP,a8087ee62b4a0364f5947b0bf0c0afc8643229a6,METHODS-FA_ps1c,ListIterator_hasNextPrevious,com.walmartlabs.x12.common.segment.parser.N1PartyIdentificationParser.handleN1Loop(N1PartyIdentificationParser.java:70).,FALSE +VE,false
gozer,eMOP-FineMOP,a8087ee62b4a0364f5947b0bf0c0afc8643229a6,FINE_ps3cl,ListIterator_hasNextPrevious,com.walmartlabs.x12.common.segment.parser.N1PartyIdentificationParser.handleN1Loop(N1PartyIdentificationParser.java:70).,FALSE +VE,false
gozer,eMOP-FineMOP,a8087ee62b4a0364f5947b0bf0c0afc8643229a6,HyRTS_ps3cl,ListIterator_hasNextPrevious,com.walmartlabs.x12.common.segment.parser.N1PartyIdentificationParser.handleN1Loop(N1PartyIdentificationParser.java:70).,FALSE +VE,false
gozer,eMOP-FineMOP,a8087ee62b4a0364f5947b0bf0c0afc8643229a6,HyRTS-S_ps3cl,ListIterator_hasNextPrevious,com.walmartlabs.x12.common.segment.parser.N1PartyIdentificationParser.handleN1Loop(N1PartyIdentificationParser.java:70).,FALSE +VE,false
gozer,eMOP-FineMOP,a8087ee62b4a0364f5947b0bf0c0afc8643229a6,METHODS_ps3cl,ListIterator_hasNextPrevious,com.walmartlabs.x12.common.segment.parser.N1PartyIdentificationParser.handleN1Loop(N1PartyIdentificationParser.java:70).,FALSE +VE,false
gozer,eMOP-FineMOP,a8087ee62b4a0364f5947b0bf0c0afc8643229a6,METHODS-S_ps3cl,ListIterator_hasNextPrevious,com.walmartlabs.x12.common.segment.parser.N1PartyIdentificationParser.handleN1Loop(N1PartyIdentificationParser.java:70).,FALSE +VE,false
gozer,eMOP-FineMOP,a8087ee62b4a0364f5947b0bf0c0afc8643229a6,METHODS-F_ps3cl,ListIterator_hasNextPrevious,com.walmartlabs.x12.common.segment.parser.N1PartyIdentificationParser.handleN1Loop(N1PartyIdentificationParser.java:70).,FALSE +VE,false
gozer,eMOP-FineMOP,a8087ee62b4a0364f5947b0bf0c0afc8643229a6,METHODS-FA_ps3cl,ListIterator_hasNextPrevious,com.walmartlabs.x12.common.segment.parser.N1PartyIdentificationParser.handleN1Loop(N1PartyIdentificationParser.java:70).,FALSE +VE,false
dnsjava,FineMOP-eMOP,259ea0d6,FINE_ps3cl,Collection_UnsafeIterator,org.xbill.DNS.NioTcpClient.checkTransactionTimeouts(NioTcpClient.java:54).,FALSE +VE,true
rxjava2-file,FineMOP-eMOP,3e34b55f92e41bd052830dc67eb2224dc4407985,HyRTS_ps1c,Closeable_MultipleClose,com.github.davidmoten.rx.internal.operators.OnSubscribeWatchServiceEvents.nextKey(OnSubscribeWatchServiceEvents.java:111).,FALSE +VE,false
rxjava2-file,eMOP-FineMOP,e26b35b55a963d8379e5c2cf1104bd5a86afeca3,METHODS-FA_ps1c,Closeable_MultipleClose,com.github.davidmoten.rx.internal.operators.OnSubscribeWatchServiceEvents$2.call(OnSubscribeWatchServiceEvents.java:126).,FALSE +VE,false
rxjava2-file,eMOP-FineMOP,e26b35b55a963d8379e5c2cf1104bd5a86afeca3,METHODS-F_ps3cl,Closeable_MultipleClose,com.github.davidmoten.rx.internal.operators.OnSubscribeWatchServiceEvents$2.call(OnSubscribeWatchServiceEvents.java:126).,FALSE +VE,false
rxjava2-file,eMOP-FineMOP,e26b35b55a963d8379e5c2cf1104bd5a86afeca3,METHODS-FA_ps3cl,Closeable_MultipleClose,com.github.davidmoten.rx.internal.operators.OnSubscribeWatchServiceEvents$2.call(OnSubscribeWatchServiceEvents.java:126).,FALSE +VE,false
liquibase-mssql,eMOP-FineMOP,3ae07cbb3d7b36ca3a57db95b71366c916c75693,METHODS-S_ps1c,Iterator_HasNext,liquibase.database.DatabaseFactory.findCorrectDatabaseImplementation(DatabaseFactory.java:126).,TRUE +VE,true
liquibase-mssql,eMOP-FineMOP,3ae07cbb3d7b36ca3a57db95b71366c916c75693,METHODS-S_ps1c,Iterator_HasNext,liquibase.database.DatabaseFactory.getImplementedDatabases(DatabaseFactory.java:70).,TRUE +VE,true
liquibase-mssql,eMOP-FineMOP,3ae07cbb3d7b36ca3a57db95b71366c916c75693,METHODS-S_ps1c,SortedSet_Comparable,liquibase.database.DatabaseFactory.findCorrectDatabaseImplementation(DatabaseFactory.java:108).,TRUE +VE,true
liquibase-mssql,eMOP-FineMOP,3ae07cbb3d7b36ca3a57db95b71366c916c75693,METHODS-S_ps1c,SortedSet_Comparable,liquibase.database.DatabaseFactory.register(DatabaseFactory.java:98).,TRUE +VE,true
liquibase-mssql,eMOP-FineMOP,3ae07cbb3d7b36ca3a57db95b71366c916c75693,METHODS-S_ps1c,TreeSet_Comparable,liquibase.database.DatabaseFactory.findCorrectDatabaseImplementation(DatabaseFactory.java:108).,TRUE +VE,true
liquibase-mssql,eMOP-FineMOP,3ae07cbb3d7b36ca3a57db95b71366c916c75693,METHODS-S_ps1c,TreeSet_Comparable,liquibase.database.DatabaseFactory.register(DatabaseFactory.java:98).,TRUE +VE,true
liquibase-mssql,eMOP-FineMOP,3ae07cbb3d7b36ca3a57db95b71366c916c75693,METHODS-F_ps1c,Iterator_HasNext,liquibase.database.DatabaseFactory.findCorrectDatabaseImplementation(DatabaseFactory.java:126).,TRUE +VE,true
liquibase-mssql,eMOP-FineMOP,3ae07cbb3d7b36ca3a57db95b71366c916c75693,METHODS-F_ps1c,Iterator_HasNext,liquibase.database.DatabaseFactory.getImplementedDatabases(DatabaseFactory.java:70).,TRUE +VE,true
liquibase-mssql,eMOP-FineMOP,3ae07cbb3d7b36ca3a57db95b71366c916c75693,METHODS-F_ps1c,SortedSet_Comparable,liquibase.database.DatabaseFactory.findCorrectDatabaseImplementation(DatabaseFactory.java:108).,TRUE +VE,true
liquibase-mssql,eMOP-FineMOP,3ae07cbb3d7b36ca3a57db95b71366c916c75693,METHODS-F_ps1c,SortedSet_Comparable,liquibase.database.DatabaseFactory.register(DatabaseFactory.java:98).,TRUE +VE,true
liquibase-mssql,eMOP-FineMOP,3ae07cbb3d7b36ca3a57db95b71366c916c75693,METHODS-F_ps1c,TreeSet_Comparable,liquibase.database.DatabaseFactory.findCorrectDatabaseImplementation(DatabaseFactory.java:108).,TRUE +VE,true
liquibase-mssql,eMOP-FineMOP,3ae07cbb3d7b36ca3a57db95b71366c916c75693,METHODS-F_ps1c,TreeSet_Comparable,liquibase.database.DatabaseFactory.register(DatabaseFactory.java:98).,TRUE +VE,true
liquibase-mssql,eMOP-FineMOP,3ae07cbb3d7b36ca3a57db95b71366c916c75693,METHODS-FA_ps1c,Iterator_HasNext,liquibase.database.DatabaseFactory.findCorrectDatabaseImplementation(DatabaseFactory.java:126).,TRUE +VE,true
liquibase-mssql,eMOP-FineMOP,3ae07cbb3d7b36ca3a57db95b71366c916c75693,METHODS-FA_ps1c,Iterator_HasNext,liquibase.database.DatabaseFactory.getImplementedDatabases(DatabaseFactory.java:70).,TRUE +VE,true
liquibase-mssql,eMOP-FineMOP,3ae07cbb3d7b36ca3a57db95b71366c916c75693,METHODS-FA_ps1c,SortedSet_Comparable,liquibase.database.DatabaseFactory.findCorrectDatabaseImplementation(DatabaseFactory.java:108).,TRUE +VE,true
liquibase-mssql,eMOP-FineMOP,3ae07cbb3d7b36ca3a57db95b71366c916c75693,METHODS-FA_ps1c,SortedSet_Comparable,liquibase.database.DatabaseFactory.register(DatabaseFactory.java:98).,TRUE +VE,true
liquibase-mssql,eMOP-FineMOP,3ae07cbb3d7b36ca3a57db95b71366c916c75693,METHODS-FA_ps1c,TreeSet_Comparable,liquibase.database.DatabaseFactory.findCorrectDatabaseImplementation(DatabaseFactory.java:108).,TRUE +VE,true
liquibase-mssql,eMOP-FineMOP,3ae07cbb3d7b36ca3a57db95b71366c916c75693,METHODS-FA_ps1c,TreeSet_Comparable,liquibase.database.DatabaseFactory.register(DatabaseFactory.java:98).,TRUE +VE,true
time-series-math,eMOP-FineMOP,c2fa911b,METHODS-FA_ps3cl,SortedSet_Comparable,ro.hasna.ts.math.representation.AdaptivePiecewiseConstantApproximation.createSegmentsSet(AdaptivePiecewiseConstantApproximation.java:148).,TRUE +VE,false
time-series-math,eMOP-FineMOP,c2fa911b,METHODS-FA_ps3cl,TreeSet_Comparable,ro.hasna.ts.math.representation.AdaptivePiecewiseConstantApproximation.createSegmentsSet(AdaptivePiecewiseConstantApproximation.java:148).,TRUE +VE,false
gelly-streaming,eMOP-FineMOP,7b41635a,METHODS-FA_ps1c,Map_UnsafeIterator,org.apache.flink.graph.streaming.example.util.DisjointSetTest.testMerge(DisjointSetTest.java:72).,TRUE +VE,false
gelly-streaming,eMOP-FineMOP,7b41635a,METHODS-FA_ps3cl,Map_UnsafeIterator,org.apache.flink.graph.streaming.example.util.DisjointSetTest.testMerge(DisjointSetTest.java:72).,TRUE +VE,false
gelly-streaming,eMOP-FineMOP,fd519999,HyRTS-S_ps1c,Iterator_HasNext,org.apache.flink.streaming.runtime.operators.windowing.WindowOperator.emitWindow(WindowOperator.java:300).,TRUE +VE,true
gelly-streaming,eMOP-FineMOP,fd519999,METHODS-S_ps1c,Iterator_HasNext,org.apache.flink.streaming.runtime.operators.windowing.WindowOperator.emitWindow(WindowOperator.java:300).,TRUE +VE,true
gelly-streaming,eMOP-FineMOP,fd519999,METHODS-F_ps1c,Iterator_HasNext,org.apache.flink.streaming.runtime.operators.windowing.WindowOperator.emitWindow(WindowOperator.java:300).,TRUE +VE,true
gelly-streaming,eMOP-FineMOP,fd519999,METHODS-FA_ps1c,Iterator_HasNext,org.apache.flink.streaming.runtime.operators.windowing.WindowOperator.emitWindow(WindowOperator.java:300).,TRUE +VE,true
heros,eMOP-FineMOP,c740e6b4c80ab9e6162a39dcc280b22429e0279b,FINE_ps1c,Iterator_HasNext,com.google.common.collect.StandardTable$CellIterator.hasNext(StandardTable.java:242).,FALSE +VE,true
heros,eMOP-FineMOP,c740e6b4c80ab9e6162a39dcc280b22429e0279b,FINE_ps1c,Iterator_HasNext,com.google.common.collect.StandardTable$CellIterator.next(StandardTable.java:251).,FALSE +VE,true
heros,eMOP-FineMOP,c740e6b4c80ab9e6162a39dcc280b22429e0279b,FINE_ps3cl,Iterator_HasNext,com.google.common.collect.StandardTable$CellIterator.hasNext(StandardTable.java:242).,FALSE +VE,true
heros,eMOP-FineMOP,c740e6b4c80ab9e6162a39dcc280b22429e0279b,FINE_ps3cl,Iterator_HasNext,com.google.common.collect.StandardTable$CellIterator.next(StandardTable.java:251).,FALSE +VE,true
sonar-clojure,eMOP-FineMOP,6b6056f0b74bdc800ca7eee0565ef42bb28ffb5c,HyRTS_ps1c,Collection_HashCode,org.sonar.api.internal.google.common.collect.RegularImmutableSortedSet.<clinit>(RegularImmutableSortedSet.java:1).,TRUE +VE,true
sonar-clojure,eMOP-FineMOP,6b6056f0b74bdc800ca7eee0565ef42bb28ffb5c,HyRTS-S_ps1c,Collection_HashCode,org.sonar.api.internal.google.common.collect.RegularImmutableSortedSet.<clinit>(RegularImmutableSortedSet.java:1).,TRUE +VE,true
HyperMinHash-java,eMOP-FineMOP,f668b03e,HyRTS-S_ps1c,Iterator_HasNext,com.liveramp.hyperminhash.HmhCardinalityEstimator.biasCorrectEstimate(HmhCardinalityEstimator.java:1006).,FALSE +VE,false
HyperMinHash-java,eMOP-FineMOP,f668b03e,METHODS_ps1c,Iterator_HasNext,com.liveramp.hyperminhash.HmhCardinalityEstimator.biasCorrectEstimate(HmhCardinalityEstimator.java:1006).,FALSE +VE,false
HyperMinHash-java,eMOP-FineMOP,f668b03e,METHODS-S_ps1c,Iterator_HasNext,com.liveramp.hyperminhash.HmhCardinalityEstimator.biasCorrectEstimate(HmhCardinalityEstimator.java:1006).,FALSE +VE,false
HyperMinHash-java,eMOP-FineMOP,f668b03e,METHODS-F_ps1c,Iterator_HasNext,com.liveramp.hyperminhash.HmhCardinalityEstimator.biasCorrectEstimate(HmhCardinalityEstimator.java:1006).,FALSE +VE,false
HyperMinHash-java,eMOP-FineMOP,f668b03e,HyRTS-S_ps3cl,Iterator_HasNext,com.liveramp.hyperminhash.HmhCardinalityEstimator.biasCorrectEstimate(HmhCardinalityEstimator.java:1006).,FALSE +VE,false
HyperMinHash-java,eMOP-FineMOP,f668b03e,METHODS_ps3cl,Iterator_HasNext,com.liveramp.hyperminhash.HmhCardinalityEstimator.biasCorrectEstimate(HmhCardinalityEstimator.java:1006).,FALSE +VE,false
HyperMinHash-java,eMOP-FineMOP,f668b03e,METHODS-S_ps3cl,Iterator_HasNext,com.liveramp.hyperminhash.HmhCardinalityEstimator.biasCorrectEstimate(HmhCardinalityEstimator.java:1006).,FALSE +VE,false
HyperMinHash-java,eMOP-FineMOP,f668b03e,METHODS-F_ps3cl,Iterator_HasNext,com.liveramp.hyperminhash.HmhCardinalityEstimator.biasCorrectEstimate(HmhCardinalityEstimator.java:1006).,FALSE +VE,false
jetCheck,eMOP-FineMOP,9239196a,HyRTS-S_ps1c,Collections_NewSetFromMap,org.jetbrains.jetCheck.CheckSession$1.removeEldestEntry(Iteration.java:137).,FALSE +VE,true
jetCheck,eMOP-FineMOP,9239196a,HyRTS-S_ps1c,Collections_UnnecessaryNewSetFromMap,org.jetbrains.jetCheck.CheckSession.<init>(Iteration.java:134).,FALSE +VE,true
jetCheck,eMOP-FineMOP,9239196a,METHODS-S_ps1c,Collections_NewSetFromMap,org.jetbrains.jetCheck.CheckSession$1.removeEldestEntry(Iteration.java:137).,FALSE +VE,true
jetCheck,eMOP-FineMOP,9239196a,METHODS-S_ps1c,Collections_UnnecessaryNewSetFromMap,org.jetbrains.jetCheck.CheckSession.<init>(Iteration.java:134).,FALSE +VE,true
jetCheck,eMOP-FineMOP,9239196a,METHODS-F_ps1c,Collections_NewSetFromMap,org.jetbrains.jetCheck.CheckSession$1.removeEldestEntry(Iteration.java:137).,FALSE +VE,true
jetCheck,eMOP-FineMOP,9239196a,METHODS-F_ps1c,Collections_UnnecessaryNewSetFromMap,org.jetbrains.jetCheck.CheckSession.<init>(Iteration.java:134).,FALSE +VE,true
jetCheck,eMOP-FineMOP,9239196a,METHODS-FA_ps1c,Collections_NewSetFromMap,org.jetbrains.jetCheck.CheckSession$1.removeEldestEntry(Iteration.java:137).,FALSE +VE,true
jetCheck,eMOP-FineMOP,9239196a,METHODS-FA_ps1c,Collections_UnnecessaryNewSetFromMap,org.jetbrains.jetCheck.CheckSession.<init>(Iteration.java:134).,FALSE +VE,true
jetCheck,eMOP-FineMOP,9239196a,HyRTS_ps3cl,Collections_NewSetFromMap,org.jetbrains.jetCheck.CheckSession$1.removeEldestEntry(Iteration.java:137).,FALSE +VE,true
jetCheck,eMOP-FineMOP,9239196a,HyRTS_ps3cl,Collections_UnnecessaryNewSetFromMap,org.jetbrains.jetCheck.CheckSession.<init>(Iteration.java:134).,FALSE +VE,true
jetCheck,eMOP-FineMOP,9239196a,HyRTS-S_ps3cl,Collections_NewSetFromMap,org.jetbrains.jetCheck.CheckSession$1.removeEldestEntry(Iteration.java:137).,FALSE +VE,true
jetCheck,eMOP-FineMOP,9239196a,HyRTS-S_ps3cl,Collections_UnnecessaryNewSetFromMap,org.jetbrains.jetCheck.CheckSession.<init>(Iteration.java:134).,FALSE +VE,true
jetCheck,eMOP-FineMOP,9239196a,METHODS_ps3cl,Collections_NewSetFromMap,org.jetbrains.jetCheck.CheckSession$1.removeEldestEntry(Iteration.java:137).,FALSE +VE,true
jetCheck,eMOP-FineMOP,9239196a,METHODS_ps3cl,Collections_UnnecessaryNewSetFromMap,org.jetbrains.jetCheck.CheckSession.<init>(Iteration.java:134).,FALSE +VE,true
jetCheck,eMOP-FineMOP,9239196a,METHODS-S_ps3cl,Collections_NewSetFromMap,org.jetbrains.jetCheck.CheckSession$1.removeEldestEntry(Iteration.java:137).,FALSE +VE,true
jetCheck,eMOP-FineMOP,9239196a,METHODS-S_ps3cl,Collections_UnnecessaryNewSetFromMap,org.jetbrains.jetCheck.CheckSession.<init>(Iteration.java:134).,FALSE +VE,true
jetCheck,eMOP-FineMOP,9239196a,METHODS-F_ps3cl,Collections_NewSetFromMap,org.jetbrains.jetCheck.CheckSession$1.removeEldestEntry(Iteration.java:137).,FALSE +VE,true
jetCheck,eMOP-FineMOP,9239196a,METHODS-F_ps3cl,Collections_UnnecessaryNewSetFromMap,org.jetbrains.jetCheck.CheckSession.<init>(Iteration.java:134).,FALSE +VE,true
jetCheck,eMOP-FineMOP,9239196a,METHODS-FA_ps3cl,Collections_NewSetFromMap,org.jetbrains.jetCheck.CheckSession$1.removeEldestEntry(Iteration.java:137).,FALSE +VE,true
jetCheck,eMOP-FineMOP,9239196a,METHODS-FA_ps3cl,Collections_UnnecessaryNewSetFromMap,org.jetbrains.jetCheck.CheckSession.<init>(Iteration.java:134).,FALSE +VE,true
jetCheck,eMOP-FineMOP,af9f79d9,HyRTS-S_ps1c,Iterator_HasNext,org.jetbrains.jetCheck.CombinatorialIntCustomizer.lambda$suggestCombinatorialVariant$0(IntCustomizer.java:48).,FALSE +VE,true
jetCheck,eMOP-FineMOP,af9f79d9,METHODS-S_ps1c,Iterator_HasNext,org.jetbrains.jetCheck.CombinatorialIntCustomizer.lambda$suggestCombinatorialVariant$0(IntCustomizer.java:48).,FALSE +VE,true
jetCheck,eMOP-FineMOP,af9f79d9,METHODS-F_ps1c,Iterator_HasNext,org.jetbrains.jetCheck.CombinatorialIntCustomizer.lambda$suggestCombinatorialVariant$0(IntCustomizer.java:48).,FALSE +VE,true
jetCheck,eMOP-FineMOP,af9f79d9,METHODS-FA_ps1c,Iterator_HasNext,org.jetbrains.jetCheck.CombinatorialIntCustomizer.lambda$suggestCombinatorialVariant$0(IntCustomizer.java:48).,FALSE +VE,true
jetCheck,eMOP-FineMOP,af9f79d9,HyRTS-S_ps3cl,Iterator_HasNext,org.jetbrains.jetCheck.CombinatorialIntCustomizer.lambda$suggestCombinatorialVariant$0(IntCustomizer.java:48).,FALSE +VE,true
jetCheck,eMOP-FineMOP,af9f79d9,METHODS-S_ps3cl,Iterator_HasNext,org.jetbrains.jetCheck.CombinatorialIntCustomizer.lambda$suggestCombinatorialVariant$0(IntCustomizer.java:48).,FALSE +VE,true
jetCheck,eMOP-FineMOP,af9f79d9,METHODS-F_ps3cl,Iterator_HasNext,org.jetbrains.jetCheck.CombinatorialIntCustomizer.lambda$suggestCombinatorialVariant$0(IntCustomizer.java:48).,FALSE +VE,true
jetCheck,eMOP-FineMOP,af9f79d9,METHODS-FA_ps3cl,Iterator_HasNext,org.jetbrains.jetCheck.CombinatorialIntCustomizer.lambda$suggestCombinatorialVariant$0(IntCustomizer.java:48).,FALSE +VE,true
jscep,eMOP-FineMOP,6e794a46fc5966c579080b811c78305b01009570,HyRTS-S_ps1c,Closeable_MeaninglessClose,org.bouncycastle.util.io.TeeOutputStream.close(Unknown,FALSE +VE,true
jscep,eMOP-FineMOP,6e794a46fc5966c579080b811c78305b01009570,METHODS-S_ps1c,Closeable_MeaninglessClose,org.bouncycastle.util.io.TeeOutputStream.close(Unknown,FALSE +VE,true
jscep,eMOP-FineMOP,6e794a46fc5966c579080b811c78305b01009570,METHODS-F_ps1c,Closeable_MeaninglessClose,org.bouncycastle.util.io.TeeOutputStream.close(Unknown,FALSE +VE,true
jscep,eMOP-FineMOP,6e794a46fc5966c579080b811c78305b01009570,METHODS-FA_ps1c,Closeable_MeaninglessClose,org.bouncycastle.util.io.TeeOutputStream.close(Unknown,FALSE +VE,true
jscep,eMOP-FineMOP,8cd073c02a0cb19acb2dd5da23b4e76efaaddc5a,HyRTS_ps1c,Closeable_MeaninglessClose,org.bouncycastle.util.io.TeeOutputStream.close(Unknown,FALSE +VE,true
jscep,eMOP-FineMOP,8cd073c02a0cb19acb2dd5da23b4e76efaaddc5a,HyRTS-S_ps1c,Closeable_MeaninglessClose,org.bouncycastle.util.io.TeeOutputStream.close(Unknown,FALSE +VE,true
jscep,eMOP-FineMOP,8cd073c02a0cb19acb2dd5da23b4e76efaaddc5a,METHODS_ps1c,Closeable_MeaninglessClose,org.bouncycastle.util.io.TeeOutputStream.close(Unknown,FALSE +VE,true
jscep,eMOP-FineMOP,8cd073c02a0cb19acb2dd5da23b4e76efaaddc5a,METHODS-S_ps1c,Closeable_MeaninglessClose,org.bouncycastle.util.io.TeeOutputStream.close(Unknown,FALSE +VE,true
jscep,eMOP-FineMOP,8cd073c02a0cb19acb2dd5da23b4e76efaaddc5a,METHODS-F_ps1c,Closeable_MeaninglessClose,org.bouncycastle.util.io.TeeOutputStream.close(Unknown,FALSE +VE,true
jscep,eMOP-FineMOP,8cd073c02a0cb19acb2dd5da23b4e76efaaddc5a,METHODS-FA_ps1c,Closeable_MeaninglessClose,org.bouncycastle.util.io.TeeOutputStream.close(Unknown,FALSE +VE,true
jscep,eMOP-FineMOP,c77163782b228f908b14072f0bb6a30af34b6af2,HyRTS-S_ps1c,Closeable_MeaninglessClose,org.bouncycastle.util.io.TeeOutputStream.close(Unknown,FALSE +VE,true
jscep,eMOP-FineMOP,c77163782b228f908b14072f0bb6a30af34b6af2,METHODS-S_ps1c,Closeable_MeaninglessClose,org.bouncycastle.util.io.TeeOutputStream.close(Unknown,FALSE +VE,true
jscep,eMOP-FineMOP,c77163782b228f908b14072f0bb6a30af34b6af2,METHODS-F_ps1c,Closeable_MeaninglessClose,org.bouncycastle.util.io.TeeOutputStream.close(Unknown,FALSE +VE,true
jscep,eMOP-FineMOP,c77163782b228f908b14072f0bb6a30af34b6af2,METHODS-FA_ps1c,Closeable_MeaninglessClose,org.bouncycastle.util.io.TeeOutputStream.close(Unknown,FALSE +VE,true
jscep,eMOP-FineMOP,da51082874b43eaf0a7878042de51a80d8738d08,FINE_ps1c,Closeable_MeaninglessClose,org.bouncycastle.util.io.TeeOutputStream.close(Unknown,FALSE +VE,true
jscep,eMOP-FineMOP,da51082874b43eaf0a7878042de51a80d8738d08,FINE_ps1c,Iterator_HasNext,org.bouncycastle.cms.RecipientInformationStore.get(Unknown,FALSE +VE,true
jscep,eMOP-FineMOP,da51082874b43eaf0a7878042de51a80d8738d08,FINE_ps1c,Iterator_HasNext,org.bouncycastle.cms.SignerInformationStore.get(Unknown,FALSE +VE,true
jscep,eMOP-FineMOP,da51082874b43eaf0a7878042de51a80d8738d08,HyRTS-S_ps1c,Closeable_MeaninglessClose,org.bouncycastle.util.io.TeeOutputStream.close(Unknown,FALSE +VE,true
jscep,eMOP-FineMOP,da51082874b43eaf0a7878042de51a80d8738d08,METHODS-S_ps1c,Closeable_MeaninglessClose,org.bouncycastle.util.io.TeeOutputStream.close(Unknown,FALSE +VE,true
jscep,eMOP-FineMOP,da51082874b43eaf0a7878042de51a80d8738d08,METHODS-S_ps1c,Iterator_HasNext,org.bouncycastle.cms.RecipientInformationStore.get(Unknown,FALSE +VE,true
jscep,eMOP-FineMOP,da51082874b43eaf0a7878042de51a80d8738d08,METHODS-S_ps1c,Iterator_HasNext,org.bouncycastle.cms.SignerInformationStore.get(Unknown,FALSE +VE,true
jscep,eMOP-FineMOP,da51082874b43eaf0a7878042de51a80d8738d08,METHODS-F_ps1c,Closeable_MeaninglessClose,org.bouncycastle.util.io.TeeOutputStream.close(Unknown,FALSE +VE,true
jscep,eMOP-FineMOP,da51082874b43eaf0a7878042de51a80d8738d08,METHODS-F_ps1c,Iterator_HasNext,org.bouncycastle.cms.RecipientInformationStore.get(Unknown,FALSE +VE,true
jscep,eMOP-FineMOP,da51082874b43eaf0a7878042de51a80d8738d08,METHODS-F_ps1c,Iterator_HasNext,org.bouncycastle.cms.SignerInformationStore.get(Unknown,FALSE +VE,true
jscep,eMOP-FineMOP,da51082874b43eaf0a7878042de51a80d8738d08,METHODS-FA_ps1c,Closeable_MeaninglessClose,org.bouncycastle.util.io.TeeOutputStream.close(Unknown,FALSE +VE,true
jscep,eMOP-FineMOP,e553d489636bbde683314ebd5a134782594eeb1a,HyRTS_ps1c,Closeable_MeaninglessClose,org.bouncycastle.util.io.TeeOutputStream.close(Unknown,FALSE +VE,true
jscep,eMOP-FineMOP,e553d489636bbde683314ebd5a134782594eeb1a,HyRTS_ps1c,Iterator_HasNext,org.bouncycastle.cms.RecipientInformationStore.get(Unknown,FALSE +VE,true
jscep,eMOP-FineMOP,e553d489636bbde683314ebd5a134782594eeb1a,HyRTS_ps1c,Iterator_HasNext,org.bouncycastle.cms.SignerInformationStore.get(Unknown,FALSE +VE,true
jscep,eMOP-FineMOP,e553d489636bbde683314ebd5a134782594eeb1a,HyRTS-S_ps1c,Closeable_MeaninglessClose,org.bouncycastle.util.io.TeeOutputStream.close(Unknown,FALSE +VE,true
jscep,eMOP-FineMOP,e553d489636bbde683314ebd5a134782594eeb1a,HyRTS-S_ps1c,Iterator_HasNext,org.bouncycastle.cms.RecipientInformationStore.get(Unknown,FALSE +VE,true
jscep,eMOP-FineMOP,e553d489636bbde683314ebd5a134782594eeb1a,HyRTS-S_ps1c,Iterator_HasNext,org.bouncycastle.cms.SignerInformationStore.get(Unknown,FALSE +VE,true
jscep,eMOP-FineMOP,e553d489636bbde683314ebd5a134782594eeb1a,METHODS_ps1c,Closeable_MeaninglessClose,org.bouncycastle.util.io.TeeOutputStream.close(Unknown,FALSE +VE,true
jscep,eMOP-FineMOP,e553d489636bbde683314ebd5a134782594eeb1a,METHODS_ps1c,Iterator_HasNext,org.bouncycastle.cms.RecipientInformationStore.get(Unknown,FALSE +VE,true
jscep,eMOP-FineMOP,e553d489636bbde683314ebd5a134782594eeb1a,METHODS_ps1c,Iterator_HasNext,org.bouncycastle.cms.SignerInformationStore.get(Unknown,FALSE +VE,true
jscep,eMOP-FineMOP,e553d489636bbde683314ebd5a134782594eeb1a,METHODS-S_ps1c,Closeable_MeaninglessClose,org.bouncycastle.util.io.TeeOutputStream.close(Unknown,FALSE +VE,true
jscep,eMOP-FineMOP,e553d489636bbde683314ebd5a134782594eeb1a,METHODS-S_ps1c,Iterator_HasNext,org.bouncycastle.cms.RecipientInformationStore.get(Unknown,FALSE +VE,true
jscep,eMOP-FineMOP,e553d489636bbde683314ebd5a134782594eeb1a,METHODS-S_ps1c,Iterator_HasNext,org.bouncycastle.cms.SignerInformationStore.get(Unknown,FALSE +VE,true
jscep,eMOP-FineMOP,e553d489636bbde683314ebd5a134782594eeb1a,METHODS-F_ps1c,Closeable_MeaninglessClose,org.bouncycastle.util.io.TeeOutputStream.close(Unknown,FALSE +VE,true
jscep,eMOP-FineMOP,e553d489636bbde683314ebd5a134782594eeb1a,METHODS-F_ps1c,Iterator_HasNext,org.bouncycastle.cms.RecipientInformationStore.get(Unknown,FALSE +VE,true
jscep,eMOP-FineMOP,e553d489636bbde683314ebd5a134782594eeb1a,METHODS-F_ps1c,Iterator_HasNext,org.bouncycastle.cms.SignerInformationStore.get(Unknown,FALSE +VE,true
jscep,eMOP-FineMOP,e553d489636bbde683314ebd5a134782594eeb1a,METHODS-FA_ps1c,Closeable_MeaninglessClose,org.bouncycastle.util.io.TeeOutputStream.close(Unknown,FALSE +VE,true
jscep,eMOP-FineMOP,e553d489636bbde683314ebd5a134782594eeb1a,METHODS-FA_ps1c,Iterator_HasNext,org.bouncycastle.cms.RecipientInformationStore.get(Unknown,FALSE +VE,true
jscep,eMOP-FineMOP,e553d489636bbde683314ebd5a134782594eeb1a,METHODS-FA_ps1c,Iterator_HasNext,org.bouncycastle.cms.SignerInformationStore.get(Unknown,FALSE +VE,true
sling-org-apache-sling-feature,eMOP-FineMOP,df44c46419998c7717f372ea914e27d52766155d,FINE_ps3cl,Closeable_MeaninglessClose,org.apache.sling.feature.Extension.setJSONStructure(Extension.java:275).,TRUE +VE,false
sling-org-apache-sling-feature,eMOP-FineMOP,df44c46419998c7717f372ea914e27d52766155d,HyRTS_ps3cl,Closeable_MeaninglessClose,org.apache.sling.feature.Extension.setJSONStructure(Extension.java:275).,TRUE +VE,false
sling-org-apache-sling-feature,eMOP-FineMOP,df44c46419998c7717f372ea914e27d52766155d,HyRTS-S_ps3cl,Closeable_MeaninglessClose,org.apache.sling.feature.Extension.setJSONStructure(Extension.java:275).,TRUE +VE,false
sling-org-apache-sling-feature,eMOP-FineMOP,df44c46419998c7717f372ea914e27d52766155d,METHODS_ps3cl,Closeable_MeaninglessClose,org.apache.sling.feature.Extension.setJSONStructure(Extension.java:275).,TRUE +VE,false
sling-org-apache-sling-feature,eMOP-FineMOP,df44c46419998c7717f372ea914e27d52766155d,METHODS-S_ps3cl,Closeable_MeaninglessClose,org.apache.sling.feature.Extension.setJSONStructure(Extension.java:275).,TRUE +VE,false
sling-org-apache-sling-feature,eMOP-FineMOP,df44c46419998c7717f372ea914e27d52766155d,METHODS-F_ps3cl,Closeable_MeaninglessClose,org.apache.sling.feature.Extension.setJSONStructure(Extension.java:275).,TRUE +VE,false
sling-org-apache-sling-feature,eMOP-FineMOP,df44c46419998c7717f372ea914e27d52766155d,METHODS-FA_ps3cl,Closeable_MeaninglessClose,org.apache.sling.feature.Extension.setJSONStructure(Extension.java:275).,TRUE +VE,false
sling-org-apache-sling-feature,FineMOP-eMOP,ecec4f853f36df390e9f6dd61fea80eea9a32be0,HyRTS_ps1c,StringTokenizer_HasMoreElements,org.osgi.framework.Version.<init>(Version.java:128).,FALSE +VE,true
shopify-sdk,FineMOP-eMOP,fd7232206d6eddb19da1eefd3163e28392652706,FINE_ps3cl,Collection_UnsafeIterator,org.eclipse.jetty.io.ManagedSelector$SelectorProducer.processSelected(ManagedSelector.java:262).,false,true
mutation-analysis-plugin,eMOP-FineMOP,2a5452de27ab86040dd0f17f4fda371bea121599,HyRTS-S_ps3cl,SortedSet_Comparable,ch.devcon5.sonar.plugins.mutationanalysis.sensors.ReportCollector.getModulePaths(ReportCollector.java:133).,FALSE +VE,false
mutation-analysis-plugin,eMOP-FineMOP,2a5452de27ab86040dd0f17f4fda371bea121599,HyRTS-S_ps3cl,SortedSet_Comparable,ch.devcon5.sonar.plugins.mutationanalysis.sensors.ReportCollector.getModulePaths(ReportCollector.java:136).,FALSE +VE,false
mutation-analysis-plugin,eMOP-FineMOP,2a5452de27ab86040dd0f17f4fda371bea121599,HyRTS-S_ps3cl,TreeSet_Comparable,ch.devcon5.sonar.plugins.mutationanalysis.sensors.ReportCollector.getModulePaths(ReportCollector.java:133).,FALSE +VE,false
mutation-analysis-plugin,eMOP-FineMOP,2a5452de27ab86040dd0f17f4fda371bea121599,HyRTS-S_ps3cl,TreeSet_Comparable,ch.devcon5.sonar.plugins.mutationanalysis.sensors.ReportCollector.getModulePaths(ReportCollector.java:136).,FALSE +VE,false
mutation-analysis-plugin,eMOP-FineMOP,2a5452de27ab86040dd0f17f4fda371bea121599,METHODS-S_ps3cl,SortedSet_Comparable,ch.devcon5.sonar.plugins.mutationanalysis.sensors.ReportCollector.getModulePaths(ReportCollector.java:133).,FALSE +VE,false
mutation-analysis-plugin,eMOP-FineMOP,2a5452de27ab86040dd0f17f4fda371bea121599,METHODS-S_ps3cl,SortedSet_Comparable,ch.devcon5.sonar.plugins.mutationanalysis.sensors.ReportCollector.getModulePaths(ReportCollector.java:136).,FALSE +VE,false
mutation-analysis-plugin,eMOP-FineMOP,2a5452de27ab86040dd0f17f4fda371bea121599,METHODS-S_ps3cl,TreeSet_Comparable,ch.devcon5.sonar.plugins.mutationanalysis.sensors.ReportCollector.getModulePaths(ReportCollector.java:133).,FALSE +VE,false
mutation-analysis-plugin,eMOP-FineMOP,2a5452de27ab86040dd0f17f4fda371bea121599,METHODS-S_ps3cl,TreeSet_Comparable,ch.devcon5.sonar.plugins.mutationanalysis.sensors.ReportCollector.getModulePaths(ReportCollector.java:136).,FALSE +VE,false
mutation-analysis-plugin,eMOP-FineMOP,2a5452de27ab86040dd0f17f4fda371bea121599,METHODS-F_ps3cl,SortedSet_Comparable,ch.devcon5.sonar.plugins.mutationanalysis.sensors.ReportCollector.getModulePaths(ReportCollector.java:133).,FALSE +VE,false
mutation-analysis-plugin,eMOP-FineMOP,2a5452de27ab86040dd0f17f4fda371bea121599,METHODS-F_ps3cl,SortedSet_Comparable,ch.devcon5.sonar.plugins.mutationanalysis.sensors.ReportCollector.getModulePaths(ReportCollector.java:136).,FALSE +VE,false
mutation-analysis-plugin,eMOP-FineMOP,2a5452de27ab86040dd0f17f4fda371bea121599,METHODS-F_ps3cl,TreeSet_Comparable,ch.devcon5.sonar.plugins.mutationanalysis.sensors.ReportCollector.getModulePaths(ReportCollector.java:133).,FALSE +VE,false
mutation-analysis-plugin,eMOP-FineMOP,2a5452de27ab86040dd0f17f4fda371bea121599,METHODS-F_ps3cl,TreeSet_Comparable,ch.devcon5.sonar.plugins.mutationanalysis.sensors.ReportCollector.getModulePaths(ReportCollector.java:136).,FALSE +VE,false
mutation-analysis-plugin,eMOP-FineMOP,2a5452de27ab86040dd0f17f4fda371bea121599,METHODS-FA_ps3cl,SortedSet_Comparable,ch.devcon5.sonar.plugins.mutationanalysis.sensors.ReportCollector.getModulePaths(ReportCollector.java:133).,FALSE +VE,false
mutation-analysis-plugin,eMOP-FineMOP,2a5452de27ab86040dd0f17f4fda371bea121599,METHODS-FA_ps3cl,SortedSet_Comparable,ch.devcon5.sonar.plugins.mutationanalysis.sensors.ReportCollector.getModulePaths(ReportCollector.java:136).,FALSE +VE,false
mutation-analysis-plugin,eMOP-FineMOP,2a5452de27ab86040dd0f17f4fda371bea121599,METHODS-FA_ps3cl,TreeSet_Comparable,ch.devcon5.sonar.plugins.mutationanalysis.sensors.ReportCollector.getModulePaths(ReportCollector.java:133).,FALSE +VE,false
mutation-analysis-plugin,eMOP-FineMOP,2a5452de27ab86040dd0f17f4fda371bea121599,METHODS-FA_ps3cl,TreeSet_Comparable,ch.devcon5.sonar.plugins.mutationanalysis.sensors.ReportCollector.getModulePaths(ReportCollector.java:136).,FALSE +VE,false
soapstone,FineMOP-eMOP,25916d170800b4ba3946b7469317ddd7442e303a,METHODS_ps1c,Collection_UnsafeIterator,org.glassfish.grizzly.utils.DelayedExecutor$DelayedRunnable.run(DelayedExecutor.java:136).,FALSE +VE,true
soapstone,FineMOP-eMOP,25916d170800b4ba3946b7469317ddd7442e303a,METHODS-F_ps1c,Collection_UnsafeIterator,org.glassfish.grizzly.utils.DelayedExecutor$DelayedRunnable.run(DelayedExecutor.java:136).,FALSE +VE,true
soapstone,FineMOP-eMOP,25916d170800b4ba3946b7469317ddd7442e303a,METHODS-FA_ps1c,Collection_UnsafeIterator,org.glassfish.grizzly.utils.DelayedExecutor$DelayedRunnable.run(DelayedExecutor.java:136).,FALSE +VE,true
soapstone,FineMOP-eMOP,71328521eae87bd7c3deef00b15a1de1fa2c0628,FINE_ps1c,Collection_UnsafeIterator,org.glassfish.grizzly.utils.DelayedExecutor$DelayedRunnable.run(DelayedExecutor.java:136).,FALSE +VE,true
soapstone,FineMOP-eMOP,71328521eae87bd7c3deef00b15a1de1fa2c0628,HyRTS_ps1c,Collection_UnsafeIterator,org.glassfish.grizzly.utils.DelayedExecutor$DelayedRunnable.run(DelayedExecutor.java:136).,FALSE +VE,true
soapstone,FineMOP-eMOP,71328521eae87bd7c3deef00b15a1de1fa2c0628,METHODS-S_ps1c,Collection_UnsafeIterator,org.glassfish.grizzly.utils.DelayedExecutor$DelayedRunnable.run(DelayedExecutor.java:136).,FALSE +VE,true
soapstone,FineMOP-eMOP,71328521eae87bd7c3deef00b15a1de1fa2c0628,METHODS-F_ps1c,Collection_UnsafeIterator,org.glassfish.grizzly.utils.DelayedExecutor$DelayedRunnable.run(DelayedExecutor.java:136).,FALSE +VE,true
soapstone,eMOP-FineMOP,821d1cf9581ecc2e170ab6775b7d637c27669671,HyRTS_ps1c,Iterator_HasNext,com.fasterxml.jackson.databind.introspect.POJOPropertiesCollector._renameProperties(POJOPropertiesCollector.java:793).,TRUE +VE,true
soapstone,eMOP-FineMOP,821d1cf9581ecc2e170ab6775b7d637c27669671,HyRTS-S_ps1c,Iterator_HasNext,com.fasterxml.jackson.databind.introspect.POJOPropertiesCollector._renameProperties(POJOPropertiesCollector.java:793).,TRUE +VE,true
soapstone,eMOP-FineMOP,821d1cf9581ecc2e170ab6775b7d637c27669671,METHODS_ps1c,Iterator_HasNext,com.fasterxml.jackson.databind.introspect.POJOPropertiesCollector._renameProperties(POJOPropertiesCollector.java:793).,TRUE +VE,true
soapstone,eMOP-FineMOP,821d1cf9581ecc2e170ab6775b7d637c27669671,METHODS-S_ps1c,Iterator_HasNext,com.fasterxml.jackson.databind.introspect.POJOPropertiesCollector._renameProperties(POJOPropertiesCollector.java:793).,TRUE +VE,true
soapstone,eMOP-FineMOP,821d1cf9581ecc2e170ab6775b7d637c27669671,METHODS-F_ps1c,Iterator_HasNext,com.fasterxml.jackson.databind.introspect.POJOPropertiesCollector._renameProperties(POJOPropertiesCollector.java:793).,TRUE +VE,true
soapstone,eMOP-FineMOP,821d1cf9581ecc2e170ab6775b7d637c27669671,METHODS-FA_ps1c,Iterator_HasNext,com.fasterxml.jackson.databind.introspect.POJOPropertiesCollector._renameProperties(POJOPropertiesCollector.java:793).,TRUE +VE,true
soapstone,FineMOP-eMOP,f78f52ff7455e09fa03bb8cd7c071268cb0e3998,FINE_ps1c,Collection_UnsafeIterator,org.glassfish.grizzly.utils.DelayedExecutor$DelayedRunnable.run(DelayedExecutor.java:136).,FALSE +VE,true
soapstone,FineMOP-eMOP,f78f52ff7455e09fa03bb8cd7c071268cb0e3998,METHODS_ps1c,Collection_UnsafeIterator,org.glassfish.grizzly.utils.DelayedExecutor$DelayedRunnable.run(DelayedExecutor.java:136).,FALSE +VE,true
soapstone,FineMOP-eMOP,f78f52ff7455e09fa03bb8cd7c071268cb0e3998,METHODS-F_ps1c,Collection_UnsafeIterator,org.glassfish.grizzly.utils.DelayedExecutor$DelayedRunnable.run(DelayedExecutor.java:136).,FALSE +VE,true
soapstone,FineMOP-eMOP,f78f52ff7455e09fa03bb8cd7c071268cb0e3998,METHODS-FA_ps1c,Collection_UnsafeIterator,org.glassfish.grizzly.utils.DelayedExecutor$DelayedRunnable.run(DelayedExecutor.java:136).,FALSE +VE,true
Mybatis-PageHelper,eMOP-FineMOP,084f488f87a12de0657400c066a71c3b0b4b36fd,HyRTS-S_ps1c,TreeMap_Comparable,org.hsqldb.navigator.RowSetNavigatorData.add(Unknown,FALSE +VE,true
Mybatis-PageHelper,eMOP-FineMOP,084f488f87a12de0657400c066a71c3b0b4b36fd,METHODS-S_ps1c,TreeMap_Comparable,org.hsqldb.navigator.RowSetNavigatorData.add(Unknown,FALSE +VE,true
Mybatis-PageHelper,eMOP-FineMOP,084f488f87a12de0657400c066a71c3b0b4b36fd,METHODS-F_ps1c,TreeMap_Comparable,org.hsqldb.navigator.RowSetNavigatorData.add(Unknown,FALSE +VE,true
Mybatis-PageHelper,eMOP-FineMOP,084f488f87a12de0657400c066a71c3b0b4b36fd,METHODS-FA_ps1c,TreeMap_Comparable,org.hsqldb.navigator.RowSetNavigatorData.add(Unknown,FALSE +VE,true
Mybatis-PageHelper,eMOP-FineMOP,5b301ba50d647d4993635adcc3dc9eca0745f0c9,HyRTS_ps1c,TreeMap_Comparable,org.hsqldb.navigator.RowSetNavigatorData.add(Unknown,FALSE +VE,true
Mybatis-PageHelper,eMOP-FineMOP,5b301ba50d647d4993635adcc3dc9eca0745f0c9,HyRTS-S_ps1c,TreeMap_Comparable,org.hsqldb.navigator.RowSetNavigatorData.add(Unknown,FALSE +VE,true
Mybatis-PageHelper,eMOP-FineMOP,5b301ba50d647d4993635adcc3dc9eca0745f0c9,METHODS_ps1c,TreeMap_Comparable,org.hsqldb.navigator.RowSetNavigatorData.add(Unknown,FALSE +VE,true
Mybatis-PageHelper,eMOP-FineMOP,5b301ba50d647d4993635adcc3dc9eca0745f0c9,METHODS-S_ps1c,TreeMap_Comparable,org.hsqldb.navigator.RowSetNavigatorData.add(Unknown,FALSE +VE,true
Mybatis-PageHelper,eMOP-FineMOP,5b301ba50d647d4993635adcc3dc9eca0745f0c9,METHODS-F_ps1c,TreeMap_Comparable,org.hsqldb.navigator.RowSetNavigatorData.add(Unknown,FALSE +VE,true
Mybatis-PageHelper,eMOP-FineMOP,5b301ba50d647d4993635adcc3dc9eca0745f0c9,METHODS-FA_ps1c,TreeMap_Comparable,org.hsqldb.navigator.RowSetNavigatorData.add(Unknown,FALSE +VE,true
Mybatis-PageHelper,FineMOP-eMOP,6e0d8beb6fe1b3242ab1904065d8bd29d7da2e00,HyRTS_ps1c,TreeMap_Comparable,org.hsqldb.navigator.RowSetNavigatorData.add(Unknown,FALSE +VE,true
Mybatis-PageHelper,FineMOP-eMOP,6e0d8beb6fe1b3242ab1904065d8bd29d7da2e00,METHODS_ps1c,TreeMap_Comparable,org.hsqldb.navigator.RowSetNavigatorData.add(Unknown,FALSE +VE,true
Mybatis-PageHelper,eMOP-FineMOP,b72cbaf5080b37c3c2bed2bb7ebd0bbb29183fd0,HyRTS-S_ps1c,TreeMap_Comparable,org.hsqldb.navigator.RowSetNavigatorData.add(Unknown,FALSE +VE,true
Mybatis-PageHelper,eMOP-FineMOP,b72cbaf5080b37c3c2bed2bb7ebd0bbb29183fd0,METHODS-S_ps1c,TreeMap_Comparable,org.hsqldb.navigator.RowSetNavigatorData.add(Unknown,FALSE +VE,true
Mybatis-PageHelper,eMOP-FineMOP,b72cbaf5080b37c3c2bed2bb7ebd0bbb29183fd0,METHODS-F_ps1c,TreeMap_Comparable,org.hsqldb.navigator.RowSetNavigatorData.add(Unknown,FALSE +VE,true
Mybatis-PageHelper,eMOP-FineMOP,b72cbaf5080b37c3c2bed2bb7ebd0bbb29183fd0,METHODS-FA_ps1c,TreeMap_Comparable,org.hsqldb.navigator.RowSetNavigatorData.add(Unknown,FALSE +VE,true
Mybatis-PageHelper,eMOP-FineMOP,e83fe79a4083496dcbf87e29645e4dbe578957f0,HyRTS-S_ps1c,TreeMap_Comparable,org.hsqldb.navigator.RowSetNavigatorData.add(Unknown,FALSE +VE,true
Mybatis-PageHelper,eMOP-FineMOP,e83fe79a4083496dcbf87e29645e4dbe578957f0,METHODS-S_ps1c,TreeMap_Comparable,org.hsqldb.navigator.RowSetNavigatorData.add(Unknown,FALSE +VE,true
Mybatis-PageHelper,eMOP-FineMOP,e83fe79a4083496dcbf87e29645e4dbe578957f0,METHODS-F_ps1c,TreeMap_Comparable,org.hsqldb.navigator.RowSetNavigatorData.add(Unknown,FALSE +VE,true
Mybatis-PageHelper,eMOP-FineMOP,e83fe79a4083496dcbf87e29645e4dbe578957f0,METHODS-FA_ps1c,TreeMap_Comparable,org.hsqldb.navigator.RowSetNavigatorData.add(Unknown,FALSE +VE,true
Mybatis-PageHelper,eMOP-FineMOP,f2d1889c11e6abc68d1518ddca8c6870ae47e300,FINE_ps1c,TreeMap_Comparable,org.hsqldb.navigator.RowSetNavigatorData.add(Unknown,FALSE +VE,true
Mybatis-PageHelper,eMOP-FineMOP,f2d1889c11e6abc68d1518ddca8c6870ae47e300,HyRTS-S_ps1c,TreeMap_Comparable,org.hsqldb.navigator.RowSetNavigatorData.add(Unknown,FALSE +VE,true
Mybatis-PageHelper,eMOP-FineMOP,f2d1889c11e6abc68d1518ddca8c6870ae47e300,METHODS-S_ps1c,TreeMap_Comparable,org.hsqldb.navigator.RowSetNavigatorData.add(Unknown,FALSE +VE,true
Mybatis-PageHelper,eMOP-FineMOP,f2d1889c11e6abc68d1518ddca8c6870ae47e300,METHODS-F_ps1c,TreeMap_Comparable,org.hsqldb.navigator.RowSetNavigatorData.add(Unknown,FALSE +VE,true
Mybatis-PageHelper,eMOP-FineMOP,f2d1889c11e6abc68d1518ddca8c6870ae47e300,METHODS-FA_ps1c,TreeMap_Comparable,org.hsqldb.navigator.RowSetNavigatorData.add(Unknown,FALSE +VE,true
joda-time,eMOP-FineMOP,3ba701b9d83dc9a6a1d45695c55f4f6edaa103c7,METHODS-F_ps1c,StringTokenizer_HasMoreElements,org.joda.time.tz.ZoneInfoCompiler$Zone.<init>(ZoneInfoCompiler.java:809).,FALSE +VE,false
joda-time,eMOP-FineMOP,3ba701b9d83dc9a6a1d45695c55f4f6edaa103c7,METHODS-FA_ps1c,StringTokenizer_HasMoreElements,org.joda.time.tz.ZoneInfoCompiler$Rule.<init>(ZoneInfoCompiler.java:713).,FALSE +VE,false
joda-time,eMOP-FineMOP,3ba701b9d83dc9a6a1d45695c55f4f6edaa103c7,METHODS-FA_ps1c,StringTokenizer_HasMoreElements,org.joda.time.tz.ZoneInfoCompiler$Zone.<init>(ZoneInfoCompiler.java:809).,FALSE +VE,false
joda-time,eMOP-FineMOP,3ba701b9d83dc9a6a1d45695c55f4f6edaa103c7,METHODS-FA_ps1c,StringTokenizer_HasMoreElements,org.joda.time.tz.ZoneInfoCompiler$Zone.<init>(ZoneInfoCompiler.java:815).,FALSE +VE,false
joda-time,eMOP-FineMOP,3ba701b9d83dc9a6a1d45695c55f4f6edaa103c7,HyRTS-S_ps3cl,StringTokenizer_HasMoreElements,org.joda.time.tz.ZoneInfoCompiler$Rule.<init>(ZoneInfoCompiler.java:713).,FALSE +VE,false
joda-time,eMOP-FineMOP,3ba701b9d83dc9a6a1d45695c55f4f6edaa103c7,HyRTS-S_ps3cl,StringTokenizer_HasMoreElements,org.joda.time.tz.ZoneInfoCompiler$Zone.<init>(ZoneInfoCompiler.java:809).,FALSE +VE,false
joda-time,eMOP-FineMOP,3ba701b9d83dc9a6a1d45695c55f4f6edaa103c7,HyRTS-S_ps3cl,StringTokenizer_HasMoreElements,org.joda.time.tz.ZoneInfoCompiler$Zone.<init>(ZoneInfoCompiler.java:815).,FALSE +VE,false
joda-time,eMOP-FineMOP,3ba701b9d83dc9a6a1d45695c55f4f6edaa103c7,METHODS-S_ps3cl,StringTokenizer_HasMoreElements,org.joda.time.tz.ZoneInfoCompiler$Rule.<init>(ZoneInfoCompiler.java:713).,FALSE +VE,false
joda-time,eMOP-FineMOP,3ba701b9d83dc9a6a1d45695c55f4f6edaa103c7,METHODS-S_ps3cl,StringTokenizer_HasMoreElements,org.joda.time.tz.ZoneInfoCompiler$Zone.<init>(ZoneInfoCompiler.java:809).,FALSE +VE,false
joda-time,eMOP-FineMOP,3ba701b9d83dc9a6a1d45695c55f4f6edaa103c7,METHODS-S_ps3cl,StringTokenizer_HasMoreElements,org.joda.time.tz.ZoneInfoCompiler$Zone.<init>(ZoneInfoCompiler.java:815).,FALSE +VE,false
joda-time,eMOP-FineMOP,3ba701b9d83dc9a6a1d45695c55f4f6edaa103c7,METHODS-F_ps3cl,StringTokenizer_HasMoreElements,org.joda.time.tz.ZoneInfoCompiler$Rule.<init>(ZoneInfoCompiler.java:713).,FALSE +VE,false
joda-time,eMOP-FineMOP,3ba701b9d83dc9a6a1d45695c55f4f6edaa103c7,METHODS-F_ps3cl,StringTokenizer_HasMoreElements,org.joda.time.tz.ZoneInfoCompiler$Zone.<init>(ZoneInfoCompiler.java:809).,FALSE +VE,false
joda-time,eMOP-FineMOP,3ba701b9d83dc9a6a1d45695c55f4f6edaa103c7,METHODS-F_ps3cl,StringTokenizer_HasMoreElements,org.joda.time.tz.ZoneInfoCompiler$Zone.<init>(ZoneInfoCompiler.java:815).,FALSE +VE,false
joda-time,eMOP-FineMOP,3ba701b9d83dc9a6a1d45695c55f4f6edaa103c7,METHODS-FA_ps3cl,StringTokenizer_HasMoreElements,org.joda.time.tz.ZoneInfoCompiler$Rule.<init>(ZoneInfoCompiler.java:713).,FALSE +VE,false
joda-time,eMOP-FineMOP,3ba701b9d83dc9a6a1d45695c55f4f6edaa103c7,METHODS-FA_ps3cl,StringTokenizer_HasMoreElements,org.joda.time.tz.ZoneInfoCompiler$Zone.<init>(ZoneInfoCompiler.java:809).,FALSE +VE,false
joda-time,eMOP-FineMOP,3ba701b9d83dc9a6a1d45695c55f4f6edaa103c7,METHODS-FA_ps3cl,StringTokenizer_HasMoreElements,org.joda.time.tz.ZoneInfoCompiler$Zone.<init>(ZoneInfoCompiler.java:815).,FALSE +VE,false
joda-time,eMOP-FineMOP,4d84d89207088ff08fc76d00bf90a56525aa7589,METHODS-FA_ps1c,StringTokenizer_HasMoreElements,org.joda.time.tz.ZoneInfoCompiler$Rule.<init>(ZoneInfoCompiler.java:708).,FALSE +VE,false
joda-time,eMOP-FineMOP,4d84d89207088ff08fc76d00bf90a56525aa7589,METHODS-FA_ps1c,StringTokenizer_HasMoreElements,org.joda.time.tz.ZoneInfoCompiler$Zone.<init>(ZoneInfoCompiler.java:810).,FALSE +VE,false
joda-time,eMOP-FineMOP,4d84d89207088ff08fc76d00bf90a56525aa7589,HyRTS-S_ps3cl,StringTokenizer_HasMoreElements,org.joda.time.tz.ZoneInfoCompiler$Rule.<init>(ZoneInfoCompiler.java:708).,FALSE +VE,false
joda-time,eMOP-FineMOP,4d84d89207088ff08fc76d00bf90a56525aa7589,HyRTS-S_ps3cl,StringTokenizer_HasMoreElements,org.joda.time.tz.ZoneInfoCompiler$Zone.<init>(ZoneInfoCompiler.java:810).,FALSE +VE,false
joda-time,eMOP-FineMOP,4d84d89207088ff08fc76d00bf90a56525aa7589,METHODS-S_ps3cl,StringTokenizer_HasMoreElements,org.joda.time.tz.ZoneInfoCompiler$Rule.<init>(ZoneInfoCompiler.java:708).,FALSE +VE,false
joda-time,eMOP-FineMOP,4d84d89207088ff08fc76d00bf90a56525aa7589,METHODS-S_ps3cl,StringTokenizer_HasMoreElements,org.joda.time.tz.ZoneInfoCompiler$Zone.<init>(ZoneInfoCompiler.java:810).,FALSE +VE,false
joda-time,eMOP-FineMOP,4d84d89207088ff08fc76d00bf90a56525aa7589,METHODS-F_ps3cl,StringTokenizer_HasMoreElements,org.joda.time.tz.ZoneInfoCompiler$Rule.<init>(ZoneInfoCompiler.java:708).,FALSE +VE,false
joda-time,eMOP-FineMOP,4d84d89207088ff08fc76d00bf90a56525aa7589,METHODS-F_ps3cl,StringTokenizer_HasMoreElements,org.joda.time.tz.ZoneInfoCompiler$Zone.<init>(ZoneInfoCompiler.java:810).,FALSE +VE,false
joda-time,eMOP-FineMOP,4d84d89207088ff08fc76d00bf90a56525aa7589,METHODS-FA_ps3cl,StringTokenizer_HasMoreElements,org.joda.time.tz.ZoneInfoCompiler$Rule.<init>(ZoneInfoCompiler.java:708).,FALSE +VE,false
joda-time,eMOP-FineMOP,4d84d89207088ff08fc76d00bf90a56525aa7589,METHODS-FA_ps3cl,StringTokenizer_HasMoreElements,org.joda.time.tz.ZoneInfoCompiler$Zone.<init>(ZoneInfoCompiler.java:810).,FALSE +VE,false
joda-time,eMOP-FineMOP,eaaff1d0687fc86a745ca8f3ea0b069b3cf54233,METHODS-F_ps1c,StringTokenizer_HasMoreElements,org.joda.time.tz.ZoneInfoCompiler$Zone.<init>(ZoneInfoCompiler.java:798).,FALSE +VE,false
joda-time,eMOP-FineMOP,eaaff1d0687fc86a745ca8f3ea0b069b3cf54233,METHODS-FA_ps1c,StringTokenizer_HasMoreElements,org.joda.time.tz.ZoneInfoCompiler$Rule.<init>(ZoneInfoCompiler.java:702).,FALSE +VE,false
joda-time,eMOP-FineMOP,eaaff1d0687fc86a745ca8f3ea0b069b3cf54233,METHODS-FA_ps1c,StringTokenizer_HasMoreElements,org.joda.time.tz.ZoneInfoCompiler$Zone.<init>(ZoneInfoCompiler.java:798).,FALSE +VE,false
joda-time,eMOP-FineMOP,eaaff1d0687fc86a745ca8f3ea0b069b3cf54233,METHODS-FA_ps1c,StringTokenizer_HasMoreElements,org.joda.time.tz.ZoneInfoCompiler$Zone.<init>(ZoneInfoCompiler.java:804).,FALSE +VE,false
joda-time,eMOP-FineMOP,eaaff1d0687fc86a745ca8f3ea0b069b3cf54233,HyRTS-S_ps3cl,StringTokenizer_HasMoreElements,org.joda.time.tz.ZoneInfoCompiler$Rule.<init>(ZoneInfoCompiler.java:702).,FALSE +VE,false
joda-time,eMOP-FineMOP,eaaff1d0687fc86a745ca8f3ea0b069b3cf54233,HyRTS-S_ps3cl,StringTokenizer_HasMoreElements,org.joda.time.tz.ZoneInfoCompiler$Zone.<init>(ZoneInfoCompiler.java:798).,FALSE +VE,false
joda-time,eMOP-FineMOP,eaaff1d0687fc86a745ca8f3ea0b069b3cf54233,HyRTS-S_ps3cl,StringTokenizer_HasMoreElements,org.joda.time.tz.ZoneInfoCompiler$Zone.<init>(ZoneInfoCompiler.java:804).,FALSE +VE,false
joda-time,eMOP-FineMOP,eaaff1d0687fc86a745ca8f3ea0b069b3cf54233,METHODS-S_ps3cl,StringTokenizer_HasMoreElements,org.joda.time.tz.ZoneInfoCompiler$Rule.<init>(ZoneInfoCompiler.java:702).,FALSE +VE,false
joda-time,eMOP-FineMOP,eaaff1d0687fc86a745ca8f3ea0b069b3cf54233,METHODS-S_ps3cl,StringTokenizer_HasMoreElements,org.joda.time.tz.ZoneInfoCompiler$Zone.<init>(ZoneInfoCompiler.java:798).,FALSE +VE,false
joda-time,eMOP-FineMOP,eaaff1d0687fc86a745ca8f3ea0b069b3cf54233,METHODS-S_ps3cl,StringTokenizer_HasMoreElements,org.joda.time.tz.ZoneInfoCompiler$Zone.<init>(ZoneInfoCompiler.java:804).,FALSE +VE,false
joda-time,eMOP-FineMOP,eaaff1d0687fc86a745ca8f3ea0b069b3cf54233,METHODS-F_ps3cl,StringTokenizer_HasMoreElements,org.joda.time.tz.ZoneInfoCompiler$Rule.<init>(ZoneInfoCompiler.java:702).,FALSE +VE,false
joda-time,eMOP-FineMOP,eaaff1d0687fc86a745ca8f3ea0b069b3cf54233,METHODS-F_ps3cl,StringTokenizer_HasMoreElements,org.joda.time.tz.ZoneInfoCompiler$Zone.<init>(ZoneInfoCompiler.java:798).,FALSE +VE,false
joda-time,eMOP-FineMOP,eaaff1d0687fc86a745ca8f3ea0b069b3cf54233,METHODS-F_ps3cl,StringTokenizer_HasMoreElements,org.joda.time.tz.ZoneInfoCompiler$Zone.<init>(ZoneInfoCompiler.java:804).,FALSE +VE,false
joda-time,eMOP-FineMOP,eaaff1d0687fc86a745ca8f3ea0b069b3cf54233,METHODS-FA_ps3cl,StringTokenizer_HasMoreElements,org.joda.time.tz.ZoneInfoCompiler$Rule.<init>(ZoneInfoCompiler.java:702).,FALSE +VE,false
joda-time,eMOP-FineMOP,eaaff1d0687fc86a745ca8f3ea0b069b3cf54233,METHODS-FA_ps3cl,StringTokenizer_HasMoreElements,org.joda.time.tz.ZoneInfoCompiler$Zone.<init>(ZoneInfoCompiler.java:798).,FALSE +VE,false
joda-time,eMOP-FineMOP,eaaff1d0687fc86a745ca8f3ea0b069b3cf54233,METHODS-FA_ps3cl,StringTokenizer_HasMoreElements,org.joda.time.tz.ZoneInfoCompiler$Zone.<init>(ZoneInfoCompiler.java:804).,FALSE +VE,false
embedded-jmxtrans,FineMOP-eMOP,6f3a3b719164414c041a89e25ed30eab39b014f8,METHODS-FA_ps1c,Iterator_HasNext,org.jmxexporter.config.ConfigurationMergeTest.validateAliasedQuery(ConfigurationMergeTest.java:76).,false,false
embedded-jmxtrans,FineMOP-eMOP,6f3a3b719164414c041a89e25ed30eab39b014f8,METHODS-FA_ps1c,Iterator_HasNext,org.jmxexporter.config.ConfigurationMergeTest.validateBasicQuery(ConfigurationMergeTest.java:65).,false,false
embedded-jmxtrans,FineMOP-eMOP,6f3a3b719164414c041a89e25ed30eab39b014f8,METHODS-FA_ps1c,Iterator_HasNext,org.jmxexporter.config.ConfigurationMergeTest.validateQueryWithAttributeAlias(ConfigurationMergeTest.java:87).,false,false
embedded-jmxtrans,FineMOP-eMOP,6f3a3b719164414c041a89e25ed30eab39b014f8,METHODS-FA_ps1c,Iterator_HasNext,org.jmxexporter.config.ConfigurationMergeTest.validateQueryWithOutputWriter(ConfigurationMergeTest.java:154).,false,false
embedded-jmxtrans,FineMOP-eMOP,6f3a3b719164414c041a89e25ed30eab39b014f8,METHODS-FA_ps1c,Iterator_HasNext,org.jmxexporter.config.ConfigurationTest.validateAliasedQuery(ConfigurationTest.java:71).,false,false
embedded-jmxtrans,FineMOP-eMOP,6f3a3b719164414c041a89e25ed30eab39b014f8,METHODS-FA_ps1c,Iterator_HasNext,org.jmxexporter.config.ConfigurationTest.validateBasicQuery(ConfigurationTest.java:60).,false,false
embedded-jmxtrans,FineMOP-eMOP,6f3a3b719164414c041a89e25ed30eab39b014f8,METHODS-FA_ps1c,Iterator_HasNext,org.jmxexporter.config.ConfigurationTest.validateQueryWithAttributeAlias(ConfigurationTest.java:82).,false,false
embedded-jmxtrans,FineMOP-eMOP,6f3a3b719164414c041a89e25ed30eab39b014f8,METHODS-FA_ps1c,Iterator_HasNext,org.jmxexporter.config.ConfigurationTest.validateQueryWithOutputWriter(ConfigurationTest.java:149).,false,false
embedded-jmxtrans,FineMOP-eMOP,6f3a3b719164414c041a89e25ed30eab39b014f8,METHODS-FA_ps3cl,Iterator_HasNext,org.jmxexporter.config.ConfigurationMergeTest.validateAliasedQuery(ConfigurationMergeTest.java:76).,false,false
embedded-jmxtrans,FineMOP-eMOP,6f3a3b719164414c041a89e25ed30eab39b014f8,METHODS-FA_ps3cl,Iterator_HasNext,org.jmxexporter.config.ConfigurationMergeTest.validateBasicQuery(ConfigurationMergeTest.java:65).,false,false
embedded-jmxtrans,FineMOP-eMOP,6f3a3b719164414c041a89e25ed30eab39b014f8,METHODS-FA_ps3cl,Iterator_HasNext,org.jmxexporter.config.ConfigurationMergeTest.validateQueryWithAttributeAlias(ConfigurationMergeTest.java:87).,false,false
embedded-jmxtrans,FineMOP-eMOP,6f3a3b719164414c041a89e25ed30eab39b014f8,METHODS-FA_ps3cl,Iterator_HasNext,org.jmxexporter.config.ConfigurationMergeTest.validateQueryWithOutputWriter(ConfigurationMergeTest.java:154).,false,false
embedded-jmxtrans,FineMOP-eMOP,6f3a3b719164414c041a89e25ed30eab39b014f8,METHODS-FA_ps3cl,Iterator_HasNext,org.jmxexporter.config.ConfigurationTest.validateAliasedQuery(ConfigurationTest.java:71).,false,false
embedded-jmxtrans,FineMOP-eMOP,6f3a3b719164414c041a89e25ed30eab39b014f8,METHODS-FA_ps3cl,Iterator_HasNext,org.jmxexporter.config.ConfigurationTest.validateBasicQuery(ConfigurationTest.java:60).,false,false
embedded-jmxtrans,FineMOP-eMOP,6f3a3b719164414c041a89e25ed30eab39b014f8,METHODS-FA_ps3cl,Iterator_HasNext,org.jmxexporter.config.ConfigurationTest.validateQueryWithAttributeAlias(ConfigurationTest.java:82).,false,false
embedded-jmxtrans,FineMOP-eMOP,6f3a3b719164414c041a89e25ed30eab39b014f8,METHODS-FA_ps3cl,Iterator_HasNext,org.jmxexporter.config.ConfigurationTest.validateQueryWithOutputWriter(ConfigurationTest.java:149).,false,false
